{"cameraMode":{"drawMode":0,"name":"Shaded","section":"Shading Mode"},"sceneLighting":true,"audioPlay":false,"sceneViewState":{"m_AlwaysRefresh":false,"showFog":true,"showSkybox":true,"showFlares":true,"showImageEffects":true,"showParticleSystems":true,"showVisualEffectGraphs":true,"m_FxEnabled":true},"in2DMode":false,"pivot":{"x":-1.2063157558441163,"y":-0.7727413177490234,"z":-0.28317731618881228},"rotation":{"x":-0.36653628945350649,"y":-0.08163083344697952,"z":0.03230355679988861,"w":-0.9262552857398987},"size":1.1028648614883423,"orthographic":false}